no,user_name,user_url,preference,c_preference,comment
1,Sinaaaa,https://www.reddit.com/user/Sinaaaa,android,0,https://www.reddit.com/r/Android/comments/55z8z7/after_9_android_smartphones_i_switched_back_to/
2,dassub,https://www.reddit.com/user/dassub,android,0,
3,whomad1215,https://www.reddit.com/user/whomad1215,android,0,
4,makeitabyss,https://www.reddit.com/user/makeitabyss,android,0,
5,4look4rd,https://www.reddit.com/user/4look4rd,ios,1,
6,soco,https://www.reddit.com/user/soco,android,0,
7,drewdus42,https://www.reddit.com/user/drewdus42,android,0,
8,GENERALLY_CORRECT,https://www.reddit.com/user/GENERALLY_CORRECT,android,0,
9,WRXW,https://www.reddit.com/user/WRXW,android,0,
10,chronus_ess,https://www.reddit.com/user/chronus_ess,android,0,
11,RouseHouse1013,https://www.reddit.com/user/RouseHouse1013,android,0,
12,FuzzelFox,https://www.reddit.com/user/FuzzelFox,android,0,
13,chronus_ess,https://www.reddit.com/user/chronus_ess,android,0,
14,hackurb,https://www.reddit.com/user/hackurb,ios,1,
15,wobwobwob42,https://www.reddit.com/user/wobwobwob42,android,0,
16,dysgraphical,https://www.reddit.com/user/dysgraphical,ios,1,
17,tookTHEwrongPILL,https://www.reddit.com/user/tookTHEwrongPILL,ios,1,
18,Gorgenapper,https://www.reddit.com/user/Gorgenapper,android,0,
19,LukeTheGeek,https://www.reddit.com/user/LukeTheGeek,android,0,
20,ScottRTL,https://www.reddit.com/user/ScottRTL,android,0,
21,H1313303,https://www.reddit.com/user/H1313303,android,0,
22,whomad1215,https://www.reddit.com/user/whomad1215,android,0,
23,McMeaty,https://www.reddit.com/user/McMeaty,ios,1,
24,Nightcinder,https://www.reddit.com/user/Nightcinder,android,0,
25,archer999,https://www.reddit.com/user/archer999,ios,1,
26,lirannl,https://www.reddit.com/user/lirannl,android,0,
27,Yangoose,https://www.reddit.com/user/Yangoose,android,0,
28,billthomson,https://www.reddit.com/user/billthomson,android,0,
29,Plexicle,https://www.reddit.com/user/Plexicle,android,0,
30,Rjwu,https://www.reddit.com/user/Rjwu,android,0,
31,DragonTHC,https://www.reddit.com/user/DragonTHC,android,0,
32,17thspartan,https://www.reddit.com/user/17thspartan,android,0,
33,rabton,https://www.reddit.com/user/rabton,android,0,
34,121jiggawatts,https://www.reddit.com/user/121jiggawatts,android,0,
35,makecry,https://www.reddit.com/user/makecry,android,0,
36,MasterInterface,https://www.reddit.com/user/MasterInterface,android,0,
37,jpnovello,https://www.reddit.com/user/jpnovello,ios,1,
38,Dazz316,https://www.reddit.com/user/Dazz316,android,0,
39,antiprosynthesis,https://www.reddit.com/user/antiprosynthesis,android,0,
40,gauravahluwalia,https://www.reddit.com/user/gauravahluwalia,android,0,
41,technologiq,https://www.reddit.com/user/technologiq,android,0,
42,TheGreatXavi,https://www.reddit.com/user/TheGreatXavi,android,0,
43,ForwardBias,https://www.reddit.com/user/ForwardBias,android,0,
44,MyNameIsDan_,https://www.reddit.com/user/MyNameIsDan_,ios,1,
45,Buffalox,https://www.reddit.com/user/Buffalox,android,0,
46,Vipe777,https://www.reddit.com/user/Vipe777,ios,1,
47,Feminist-Gamer,https://www.reddit.com/user/Feminist-Gamer,android,0,
48,kingdeuceoff,https://www.reddit.com/user/kingdeuceoff,android,0,https://www.reddit.com/r/Android/comments/5f0yf0/the_7_year_iphone_itch_and_my_jump_to_android/
49,Peter_Panarchy,https://www.reddit.com/user/Peter_Panarchy,android,0,
50,Mechanoz,https://www.reddit.com/user/Mechanoz,android,0,
51,Buzzkillmodder,https://www.reddit.com/user/Buzzkillmodder,android,0,
52,swegover9000,https://www.reddit.com/user/swegover9000,android,0,
53,KungFuSpoon,https://www.reddit.com/user/KungFuSpoon,android,0,
54,robotkoer,https://www.reddit.com/user/robotkoer,android,0,
55,fiddle_n,https://www.reddit.com/user/fiddle_n,android,0,
56,exaltedbladder,https://www.reddit.com/user/exaltedbladder,android,0,
57,ELFAHBEHT_SOOP,https://www.reddit.com/user/ELFAHBEHT_SOOP,android,0,
58,exaltedbladder,https://www.reddit.com/user/exaltedbladder,android,0,
59,BatteredWalrus,https://www.reddit.com/user/BatteredWalrus,android,0,
60,kantFTW,https://www.reddit.com/user/kantFTW,android,0,
61,nigeldog,https://www.reddit.com/user/nigeldog,android,0,
62,AlloyIX,https://www.reddit.com/user/AlloyIX,android,0,
63,rbarton812,https://www.reddit.com/user/rbarton812,android,0,
64,sodapop14,https://www.reddit.com/user/sodapop14,android,0,
65,dextersgenius,https://www.reddit.com/user/dextersgenius,android,0,
66,TheElderCouncil,https://www.reddit.com/user/TheElderCouncil,android,0,
67,press_A_to_skip,https://www.reddit.com/user/press_A_to_skip,android,0,
68,BIG_BIRD_BIG_PIMPIN,https://www.reddit.com/user/BIG_BIRD_BIG_PIMPIN,android,0,
69,Staggerlee024,https://www.reddit.com/user/Staggerlee024,android,0,
70,qwop22,https://www.reddit.com/user/qwop22,ios,1,
71,_Andrecht_,https://www.reddit.com/user/_Andrecht_,ios,1,
72,jmpavlec,https://www.reddit.com/user/jmpavlec,android,0,https://www.reddit.com/r/Android/comments/7ev6i4/iphone_x_pixel_2_xl_note_8a_poor_mans_review/
73,arashio,https://www.reddit.com/user/arashio,android,0,
74,JayDnG,https://www.reddit.com/user/JayDnG,android,0,
75,marxcom,https://www.reddit.com/user/marxcom,ios,1,https://www.reddit.com/r/iphone/comments/83zt5a/a_lil_humor_on_a_monday/
76,AyoBruh,https://www.reddit.com/user/AyoBruh,ios,1,
77,GarbageKnapp,https://www.reddit.com/user/GarbageKnapp,ios,1,
78,waawftutki,https://www.reddit.com/user/waawftutki,android,0,
79,OrphanAdvocate,https://www.reddit.com/user/OrphanAdvocate,ios,1,
80,K_Click_D,https://www.reddit.com/user/K_Click_D,ios,1,
81,o_Oz,https://www.reddit.com/user/o_Oz,ios,1,
82,arkiser13,https://www.reddit.com/user/arkiser13,ios,1,
83,andysaurus_rex,https://www.reddit.com/user/andysaurus_rex,ios,1,
84,bamboo-coffee,https://www.reddit.com/user/bamboo-coffee,ios,1,
85,keyholepossums,https://www.reddit.com/user/keyholepossums,ios,1,
86,mattd121794,https://www.reddit.com/user/mattd121794,ios,1,
87,Ronaldinhoe,https://www.reddit.com/user/Ronaldinhoe,ios,1,
88,Flux85,https://www.reddit.com/user/Flux85,ios,1,
89,keyholepossums,https://www.reddit.com/user/keyholepossums,ios,1,
90,Dash_D_Cadet,https://www.reddit.com/user/Dash_D_Cadet,ios,1,
91,Marino4K,https://www.reddit.com/user/Marino4K,ios,1,
92,CloudaneUK,https://www.reddit.com/user/CloudaneUK,ios,1,
93,Takeabyte,https://www.reddit.com/user/Takeabyte,ios,1,
94,bringyoutomyhell,https://www.reddit.com/user/bringyoutomyhell,ios,1,
95,Sozin91,https://www.reddit.com/user/Sozin91,ios,1,
96,wggn,https://www.reddit.com/user/wggn,android,0,
97,thecodemonk,https://www.reddit.com/user/thecodemonk,android,0,
98,FloydMcScroops,https://www.reddit.com/user/FloydMcScroops,android,0,
99,money_loo,https://www.reddit.com/user/money_loo,android,0,
100,Lolworth,https://www.reddit.com/user/Lolworth,ios,1,
101,T00dd,https://www.reddit.com/user/T00dd,ios,1,
102,delaboots,https://www.reddit.com/user/delaboots,ios,1,
103,idsvmmcgraw,https://www.reddit.com/user/idsvmmcgraw,ios,1,
104,Westside_till_I_die,https://www.reddit.com/user/Westside_till_I_die,ios,1,
105,andysaurus_rex,https://www.reddit.com/user/andysaurus_rex,ios,1,
106,Cedric182,https://www.reddit.com/user/Cedric182,ios,1,
107,Prizeless,https://www.reddit.com/user/Prizeless,ios,1,
108,CloudaneUK,https://www.reddit.com/user/CloudaneUK,ios,1,
109,LTMG,https://www.reddit.com/user/LTMG,ios,1,
110,noiserr,https://www.reddit.com/user/noiserr,ios,1,
111,makatreddit,https://www.reddit.com/user/makatreddit,ios,1,https://www.reddit.com/r/iphone/comments/7b0j1p/iphone_xray/
112,HydroponicGirrafe,https://www.reddit.com/user/HydroponicGirrafe,ios,1,
113,White_GOAT_,https://www.reddit.com/user/White_GOAT_,ios,1,
114,FrederikTwn,https://www.reddit.com/user/FrederikTwn,ios,1,
115,UnaClocker,https://www.reddit.com/user/UnaClocker,ios,1,
116,BMOCROC,https://www.reddit.com/user/BMOCROC,ios,1,
117,Boxes12,https://www.reddit.com/user/Boxes12,ios,1,
118,TheSaucerBoy,https://www.reddit.com/user/TheSaucerBoy,ios,1,
119,UnaClocker,https://www.reddit.com/user/UnaClocker,ios,1,
120,spoonyfork,https://www.reddit.com/user/spoonyfork,ios,1,
121,mvrikelx,https://www.reddit.com/user/mvrikelx,ios,1,
122,NotJimIrsay,https://www.reddit.com/user/NotJimIrsay,ios,1,
123,djriful,https://www.reddit.com/user/djriful,ios,1,
124,zhelfrich,https://www.reddit.com/user/zhelfrich,ios,1,
125,RionFerren,https://www.reddit.com/user/RionFerren,ios,1,
126,Robbbbbbbbb,https://www.reddit.com/user/Robbbbbbbbb,ios,1,
127,SpartanAesthetic,https://www.reddit.com/user/SpartanAesthetic,ios,1,
128,peepeetchootchoo,https://www.reddit.com/user/peepeetchootchoo,ios,1,
129,HunterTV,https://www.reddit.com/user/HunterTV,ios,1,
130,ElCapitanAbrasivo,https://www.reddit.com/user/ElCapitanAbrasivo,ios,1,
131,alienith,https://www.reddit.com/user/alienith,ios,1,
132,SDJMcHattie,https://www.reddit.com/user/SDJMcHattie,ios,1,
133,l_osservatore,https://www.reddit.com/user/l_osservatore,ios,1,
134,AdVerbera,https://www.reddit.com/user/AdVerbera,ios,1,
135,burstaneurysm,https://www.reddit.com/user/burstaneurysm,ios,1,
136,Marquizel,https://www.reddit.com/user/Marquizel,ios,1,
137,Eyad123,https://www.reddit.com/user/Eyad123,ios,1,
138,gotnate,https://www.reddit.com/user/gotnate,ios,1,
139,NotaFrenchMaid,https://www.reddit.com/user/NotaFrenchMaid,ios,1,
140,monkeybreath,https://www.reddit.com/user/monkeybreath,ios,1,
141,rreighe2,https://www.reddit.com/user/rreighe2,ios,1,
142,Neapola,https://www.reddit.com/user/Neapola,ios,1,
143,Neapola,https://www.reddit.com/user/Neapola,ios,1,
144,Stealth528,https://www.reddit.com/user/Stealth528,ios,1,
145,kill-dash-nine,https://www.reddit.com/user/kill-dash-nine,ios,1,
146,Realman77,https://www.reddit.com/user/Realman77,ios,1,
147,HLef,https://www.reddit.com/user/HLef,ios,1,
148,JVO1317,https://www.reddit.com/user/JVO1317,ios,1,
149,moonknlght,https://www.reddit.com/user/moonknlght,ios,1,
150,MoneyForNothing_,https://www.reddit.com/user/MoneyForNothing_,ios,1,
151,tperelli,https://www.reddit.com/user/tperelli,ios,1,
152,lac__,https://www.reddit.com/user/lac__,ios,1,
153,kuphinit,https://www.reddit.com/user/kuphinit,ios,1,
154,TheAlmightyZach,https://www.reddit.com/user/TheAlmightyZach,ios,1,
155,kuphinit,https://www.reddit.com/user/kuphinit,ios,1,
156,x3n0n1c,https://www.reddit.com/user/x3n0n1c,ios,1,
157,COIVIEDY,https://www.reddit.com/user/COIVIEDY,ios,1,
158,mickeynocchio,https://www.reddit.com/user/mickeynocchio,ios,1,
159,ryangehret,https://www.reddit.com/user/ryangehret,ios,1,
160,Cressio,https://www.reddit.com/user/Cressio,ios,1,
161,bowb4zod,https://www.reddit.com/user/bowb4zod,ios,1,
162,Kingelmobap,https://www.reddit.com/user/Kingelmobap,ios,1,
163,Adelfuntz,https://www.reddit.com/user/Adelfuntz,ios,1,
164,tifa_mo,https://www.reddit.com/user/tifa_mo,ios,1,
165,imicca,https://www.reddit.com/user/imicca,ios,1,
166,bringyoutomyhell,https://www.reddit.com/user/bringyoutomyhell,ios,1,
167,weedwhacking,https://www.reddit.com/user/weedwhacking,ios,1,
168,Takeabyte,https://www.reddit.com/user/Takeabyte,ios,1,
169,KittenSwagger,https://www.reddit.com/user/KittenSwagger,ios,1,
170,KittenSwagger,https://www.reddit.com/user/KittenSwagger,ios,1,
171,DeathByReach,https://www.reddit.com/user/DeathByReach,ios,1,
172,boxidea,https://www.reddit.com/user/boxidea,ios,1,
173,colinstalter,https://www.reddit.com/user/colinstalter,ios,1,
174,NotSoSecretFootballr,https://www.reddit.com/user/NotSoSecretFootballr,ios,1,
175,dabear04,https://www.reddit.com/user/dabear04,ios,1,
176,marinadefor3hours,https://www.reddit.com/user/marinadefor3hours,ios,1,
177,leadnpotatoes,https://www.reddit.com/user/leadnpotatoes,ios,1,
178,marinadefor3hours,https://www.reddit.com/user/marinadefor3hours,ios,1,
179,Samzo111,https://www.reddit.com/user/Samzo111,ios,1,
180,mvrikelx,https://www.reddit.com/user/mvrikelx,ios,1,
181,skellener,https://www.reddit.com/user/skellener,ios,1,
182,kinkkulainen,https://www.reddit.com/user/kinkkulainen,ios,1,
183,NHCheef,https://www.reddit.com/user/NHCheef,ios,1,
184,Amator,https://www.reddit.com/user/Amator,ios,1,
185,nope_no_,https://www.reddit.com/user/nope_no_,ios,1,
186,twowheels,https://www.reddit.com/user/twowheels,ios,1,
187,Redbird9346,https://www.reddit.com/user/Redbird9346,ios,1,
188,HollandJim,https://www.reddit.com/user/HollandJim,ios,1,
189,thesmithtopher,https://www.reddit.com/user/thesmithtopher,ios,1,
190,CaptMorgan74,https://www.reddit.com/user/CaptMorgan74,ios,1,
191,ebbp,https://www.reddit.com/user/ebbp,ios,1,
192,plazman30,https://www.reddit.com/user/plazman30,ios,1,
193,MisterUltimate,https://www.reddit.com/user/MisterUltimate,ios,1,
194,samgotti,https://www.reddit.com/user/samgotti,ios,1,
195,WaLLy3K,https://www.reddit.com/user/WaLLy3K,ios,1,
196,Tchiiko,https://www.reddit.com/user/Tchiiko,ios,1,
197,Mirkrid,https://www.reddit.com/user/Mirkrid,ios,1,
198,CloudTheSavior,https://www.reddit.com/user/CloudTheSavior,ios,1,
199,SailorMoonMoon,https://www.reddit.com/user/SailorMoonMoon,ios,1,
200,iAmNotAlwaysCorrect,https://www.reddit.com/user/iAmNotAlwaysCorrect,ios,1,
201,JJRediter,https://www.reddit.com/user/JJRediter,ios,1,
202,ididitdoit,https://www.reddit.com/user/ididitdoit,ios,1,
203,deathtoy101,https://www.reddit.com/user/deathtoy101,ios,1,
204,zeeriders,https://www.reddit.com/user/zeeriders,ios,1,
205,nnjb52,https://www.reddit.com/user/nnjb52,ios,1,
206,OptionalCookie,https://www.reddit.com/user/OptionalCookie,ios,1,
207,ricefriskies,https://www.reddit.com/user/ricefriskies,ios,1,
208,TbonerT,https://www.reddit.com/user/TbonerT,ios,1,
209,onlyalevel2druid,https://www.reddit.com/user/onlyalevel2druid,ios,1,
210,Vigamoxx,https://www.reddit.com/user/Vigamoxx,ios,1,
211,drunkunmunky,https://www.reddit.com/user/drunkunmunky,ios,1,
212,ryuujinusa,https://www.reddit.com/user/ryuujinusa,ios,1,
213,u_C_m,https://www.reddit.com/user/u_C_m,ios,1,
214,nupogodi,https://www.reddit.com/user/nupogodi,ios,1,
215,itsbenwright,https://www.reddit.com/user/itsbenwright,ios,1,
216,voneahhh,https://www.reddit.com/user/voneahhh,ios,1,
217,SDJMcHattie,https://www.reddit.com/user/SDJMcHattie,ios,1,
218,_-__----,https://www.reddit.com/user/_-__----,ios,1,
219,3ricss0n,https://www.reddit.com/user/3ricss0n,ios,1,
220,may7th1981,https://www.reddit.com/user/may7th1981,ios,1,
221,HaroldSax,https://www.reddit.com/user/HaroldSax,ios,1,
222,ketsugi,https://www.reddit.com/user/ketsugi,ios,1,
223,SDJMcHattie,https://www.reddit.com/user/SDJMcHattie,ios,1,
224,NotSoSecretFootballr,https://www.reddit.com/user/NotSoSecretFootballr,ios,1,
225,SomeRandomProducer,https://www.reddit.com/user/SomeRandomProducer,ios,1,
226,letsgometros,https://www.reddit.com/user/letsgometros,ios,1,
227,Buttons111,https://www.reddit.com/user/Buttons111,ios,1,
228,blueandmaize,https://www.reddit.com/user/blueandmaize,ios,1,
229,Buttons111,https://www.reddit.com/user/Buttons111,ios,1,
230,WestcoastWelker,https://www.reddit.com/user/WestcoastWelker,ios,1,
231,thebuggalo,https://www.reddit.com/user/thebuggalo,ios,1,
232,Keelin123,https://www.reddit.com/user/Keelin123,ios,1,
233,Sharpticktack,https://www.reddit.com/user/Sharpticktack,ios,1,
234,MISTRESSshake,https://www.reddit.com/user/MISTRESSshake,ios,1,
235,gnarlnick,https://www.reddit.com/user/gnarlnick,ios,1,
236,LiterallyUnlimited,https://www.reddit.com/user/LiterallyUnlimited,ios,1,
237,APenaCarranza,https://www.reddit.com/user/APenaCarranza,ios,1,
238,Sharpticktack,https://www.reddit.com/user/Sharpticktack,ios,1,
239,pridefulofbeing,https://www.reddit.com/user/pridefulofbeing,ios,1,
240,kiancheong,https://www.reddit.com/user/kiancheong,ios,1,
241,Sansred,https://www.reddit.com/user/Sansred,ios,1,
242,avijani,https://www.reddit.com/user/avijani,ios,1,
243,rudedood,https://www.reddit.com/user/rudedood,ios,1,
244,DG101X,https://www.reddit.com/user/DG101X,ios,1,
245,ForeverAlone25,https://www.reddit.com/user/ForeverAlone25,ios,1,
246,rudedood,https://www.reddit.com/user/rudedood,ios,1,
247,FearAndSickness,https://www.reddit.com/user/FearAndSickness,ios,1,
248,PoweredByPotatoes,https://www.reddit.com/user/PoweredByPotatoes,ios,1,
249,person95,https://www.reddit.com/user/person95,ios,1,
250,FearAndSickness,https://www.reddit.com/user/FearAndSickness,ios,1,
251,zxrax,https://www.reddit.com/user/zxrax,ios,1,
252,aliencorgi,https://www.reddit.com/user/aliencorgi,ios,1,
253,CheeseheadDave,https://www.reddit.com/user/CheeseheadDave,ios,1,
254,Fizaraz,https://www.reddit.com/user/Fizaraz,ios,1,
255,BluNautilus,https://www.reddit.com/user/BluNautilus,ios,1,
256,dragontology,https://www.reddit.com/user/dragontology,ios,1,
257,-----username-----,https://www.reddit.com/user/-----username-----,ios,1,
258,imicca,https://www.reddit.com/user/imicca,ios,1,
259,BurningAugust,https://www.reddit.com/user/BurningAugust,ios,1,
260,Musafir137,https://www.reddit.com/user/Musafir137,ios,1,
261,lightgrip,https://www.reddit.com/user/lightgrip,ios,1,
262,khaldrogosian,https://www.reddit.com/user/khaldrogosian,ios,1,
263,skygz,https://www.reddit.com/user/skygz,android,0,
264,Rothaga,https://www.reddit.com/user/Rothaga,android,0,
265,benevolentpotato,https://www.reddit.com/user/benevolentpotato,android,0,
266,caul_of_the_void,https://www.reddit.com/user/caul_of_the_void,android,0,
267,shvelo,https://www.reddit.com/user/shvelo,android,0,
268,RealShigeruMeeyamoto,https://www.reddit.com/user/RealShigeruMeeyamoto,android,0,
269,jceez,https://www.reddit.com/user/jceez,android,0,
270,wafflepouch,https://www.reddit.com/user/wafflepouch,android,0,
271,g0atmeal,https://www.reddit.com/user/g0atmeal,android,0,
272,TuckingFypeos,https://www.reddit.com/user/TuckingFypeos,android,0,
273,g0atmeal,https://www.reddit.com/user/g0atmeal,android,0,
274,g0atmeal,https://www.reddit.com/user/g0atmeal,android,0,
275,InsaneNinja,https://www.reddit.com/user/InsaneNinja,android,0,
276,Mrsparklee,https://www.reddit.com/user/Mrsparklee,android,0,
277,830485623,https://www.reddit.com/user/830485623,android,0,
278,_TunnelSnakes_Rule,https://www.reddit.com/user/_TunnelSnakes_Rule,android,0,
279,aliniazi,https://www.reddit.com/user/aliniazi,android,0,
280,RubenGM,https://www.reddit.com/user/RubenGM,android,0,
281,SoundOfTomorrow,https://www.reddit.com/user/SoundOfTomorrow,android,0,
282,unibrow4o9,https://www.reddit.com/user/unibrow4o9,android,0,
283,demevalos,https://www.reddit.com/user/demevalos,android,0,
284,wolfej4,https://www.reddit.com/user/wolfej4,android,0,
285,rohmish,https://www.reddit.com/user/rohmish,android,0,
286,uefigod,https://www.reddit.com/user/uefigod,android,0,
287,matticusovo,https://www.reddit.com/user/matticusovo,android,0,
288,MairusuPawa,https://www.reddit.com/user/MairusuPawa,android,0,
289,waterlubber42,https://www.reddit.com/user/waterlubber42,android,0,
290,amanitus,https://www.reddit.com/user/amanitus,android,0,
291,benjomaga,https://www.reddit.com/user/benjomaga,android,0,
292,KickMeElmo,https://www.reddit.com/user/KickMeElmo,android,0,
293,kelus,https://www.reddit.com/user/kelus,android,0,
294,kierand2000,https://www.reddit.com/user/kierand2000,android,0,
295,Baxter0402,https://www.reddit.com/user/Baxter0402,android,0,
296,dandu3,https://www.reddit.com/user/dandu3,android,0,
297,mxc42,https://www.reddit.com/user/mxc42,android,0,
298,tigull,https://www.reddit.com/user/tigull,android,0,
299,Gargenville,https://www.reddit.com/user/Gargenville,android,0,
300,AuroEdge,https://www.reddit.com/user/AuroEdge,android,0,
301,regretdeletingthat,https://www.reddit.com/user/regretdeletingthat,ios,1,
302,murfi,https://www.reddit.com/user/murfi,android,0,
303,Antonnzr,https://www.reddit.com/user/Antonnzr,android,0,
304,FormerRedditorAMA,https://www.reddit.com/user/FormerRedditorAMA,android,0,
305,max1c,https://www.reddit.com/user/max1c,android,0,
306,cmann360zamboni,https://www.reddit.com/user/cmann360zamboni,android,0,
307,From_My_Brain,https://www.reddit.com/user/From_My_Brain,android,0,
308,texasnstuff,https://www.reddit.com/user/texasnstuff,android,0,
309,Narrative_Causality,https://www.reddit.com/user/Narrative_Causality,android,0,
310,svmk1987,https://www.reddit.com/user/svmk1987,android,0,
311,WindowsRX,https://www.reddit.com/user/WindowsRX,ios,1,
312,KoNP,https://www.reddit.com/user/KoNP,android,0,
313,lhaither,https://www.reddit.com/user/lhaither,android,0,
314,klutchable,https://www.reddit.com/user/klutchable,android,0,
315,firekil,https://www.reddit.com/user/firekil,android,0,
316,ionparticle,https://www.reddit.com/user/ionparticle,android,0,
317,MiKeMcDnet,https://www.reddit.com/user/MiKeMcDnet,android,0,
318,kindall,https://www.reddit.com/user/kindall,android,0,
319,EnabledHorizon,https://www.reddit.com/user/EnabledHorizon,android,0,
320,brjto,https://www.reddit.com/user/brjto,android,0,
321,Sandvicheater,https://www.reddit.com/user/Sandvicheater,android,0,
322,wintremute,https://www.reddit.com/user/wintremute,android,0,
323,Hirshologist,https://www.reddit.com/user/Hirshologist,android,0,
324,cryogenisis,https://www.reddit.com/user/cryogenisis,android,0,
325,DoritoPopeGodsend,https://www.reddit.com/user/DoritoPopeGodsend,android,0,
326,oscillating000,https://www.reddit.com/user/oscillating000,ios,1,
327,ExtraCrunchyChairs,https://www.reddit.com/user/ExtraCrunchyChairs,android,0,
328,SodlidDesu,https://www.reddit.com/user/SodlidDesu,android,0,
329,TheMuon,https://www.reddit.com/user/TheMuon,android,0,
330,DaClock,https://www.reddit.com/user/DaClock,android,0,
331,wardrich,https://www.reddit.com/user/wardrich,android,0,
332,Daman09,https://www.reddit.com/user/Daman09,android,0,
333,ELFAHBEHT_SOOP,https://www.reddit.com/user/ELFAHBEHT_SOOP,android,0,
334,onespaceman,https://www.reddit.com/user/onespaceman,android,0,
335,Mononon,https://www.reddit.com/user/Mononon,android,0,
336,96fps,https://www.reddit.com/user/96fps,android,0,
337,rickhamilton620,https://www.reddit.com/user/rickhamilton620,android,0,
338,rickhamilton620,https://www.reddit.com/user/rickhamilton620,android,0,
339,guy990,https://www.reddit.com/user/guy990,ios,1,
340,oscillating000,https://www.reddit.com/user/oscillating000,ios,1,https://www.reddit.com/r/Android/comments/7v7gib/its_2018_and_spotify_still_doesnt_let_you_edit/
341,ExtraCrunchyChairs,https://www.reddit.com/user/ExtraCrunchyChairs,ios,1,
342,SodlidDesu,https://www.reddit.com/user/SodlidDesu,android,0,
343,TheMuon,https://www.reddit.com/user/TheMuon,android,0,
344,GXGOW,https://www.reddit.com/user/GXGOW,android,0,
345,mr4ffe,https://www.reddit.com/user/mr4ffe,android,0,
346,DaClock,https://www.reddit.com/user/DaClock,android,0,
347,InZehInterfector,https://www.reddit.com/user/InZehInterfector,android,0,
348,thracianii,https://www.reddit.com/user/thracianii,android,0,
349,wardrich,https://www.reddit.com/user/wardrich,android,0,
350,Daman09,https://www.reddit.com/user/Daman09,android,0,
351,ELFAHBEHT_SOOP,https://www.reddit.com/user/ELFAHBEHT_SOOP,android,0,
352,Mononon,https://www.reddit.com/user/Mononon,android,0,
353,96fps,https://www.reddit.com/user/96fps,android,0,
354,rickhamilton620,https://www.reddit.com/user/rickhamilton620,android,0,
355,ERIFNOMI,https://www.reddit.com/user/ERIFNOMI,android,0,
356,fuop,https://www.reddit.com/user/fuop,android,0,
357,DroogyParade,https://www.reddit.com/user/DroogyParade,android,0,
358,intripletime,https://www.reddit.com/user/intripletime,android,0,
359,InitiatePenguin,https://www.reddit.com/user/InitiatePenguin,android,0,
360,XxCLEMENTxX,https://www.reddit.com/user/XxCLEMENTxX,android,0,
361,Realtrain,https://www.reddit.com/user/Realtrain,android,0,
362,kickerofbottoms,https://www.reddit.com/user/kickerofbottoms,android,0,
363,inanimatus_conjurus,https://www.reddit.com/user/inanimatus_conjurus,android,0,
364,baked_brotato,https://www.reddit.com/user/baked_brotato,android,0,
365,shmian92,https://www.reddit.com/user/shmian92,android,0,
366,pprovencher,https://www.reddit.com/user/pprovencher,android,0,
367,LukeTheGeek,https://www.reddit.com/user/LukeTheGeek,android,0,
368,wingsfan24,https://www.reddit.com/user/wingsfan24,android,0,
369,pm-me-ur-naked-body,https://www.reddit.com/user/pm-me-ur-naked-body,android,0,
370,HollyMullvad,https://www.reddit.com/user/HollyMullvad,android,0,
371,jamelna,https://www.reddit.com/user/jamelna,android,0,
372,jamelna,https://www.reddit.com/user/jamelna,android,0,
373,xnaas,https://www.reddit.com/user/xnaas,android,0,
374,bro_b1_kenobi,https://www.reddit.com/user/bro_b1_kenobi,android,0,
375,thefeeltrain,https://www.reddit.com/user/thefeeltrain,android,0,
376,NickTDesigns,https://www.reddit.com/user/NickTDesigns,android,0,
377,dingo_bat,https://www.reddit.com/user/dingo_bat,android,0,
378,Press_F5_Comrade,https://www.reddit.com/user/Press_F5_Comrade,android,0,
379,MittenFacedLad,https://www.reddit.com/user/MittenFacedLad,android,0,
380,Penlane,https://www.reddit.com/user/Penlane,android,0,
381,Matvalicious,https://www.reddit.com/user/Matvalicious,android,0,
382,Democrab,https://www.reddit.com/user/Democrab,android,0,
383,wardrich,https://www.reddit.com/user/wardrich,android,0,
384,xTye,https://www.reddit.com/user/xTye,android,0,
385,albatrossSKY,https://www.reddit.com/user/albatrossSKY,android,0,
386,OddaJosh,https://www.reddit.com/user/OddaJosh,android,0,
387,sandwichesareevil,https://www.reddit.com/user/sandwichesareevil,android,0,
388,BrainWav,https://www.reddit.com/user/BrainWav,android,0,
389,RedBulik,https://www.reddit.com/user/RedBulik,android,0,
390,Amogh24,https://www.reddit.com/user/Amogh24,android,0,
391,time_fo_that,https://www.reddit.com/user/time_fo_that,android,0,
392,xiph209,https://www.reddit.com/user/xiph209,android,0,
393,DudeThatsErin,https://www.reddit.com/user/DudeThatsErin,android,0,
394,JG_92,https://www.reddit.com/user/JG_92,android,0,
395,DudeThatsErin,https://www.reddit.com/user/DudeThatsErin,android,0,
396,desertfoxz,https://www.reddit.com/user/desertfoxz,android,0,
397,NekoiNemo,https://www.reddit.com/user/NekoiNemo,android,0,
398,najodleglejszy,https://www.reddit.com/user/najodleglejszy,android,0,
399,SebPlaysGamesYT,https://www.reddit.com/user/SebPlaysGamesYT,android,0,
400,Zouden,https://www.reddit.com/user/Zouden,android,0,
401,graphitenexus,https://www.reddit.com/user/graphitenexus,android,0,
402,stacecom,https://www.reddit.com/user/stacecom,android,0,
403,_N0S,https://www.reddit.com/user/_N0S,android,0,
404,kickerofbottoms,https://www.reddit.com/user/kickerofbottoms,android,0,
405,BigDawgWTF,https://www.reddit.com/user/BigDawgWTF,android,0,
406,ZenDragon,https://www.reddit.com/user/ZenDragon,android,0,
407,tacomonstrous,https://www.reddit.com/user/tacomonstrous,android,0,
408,tacomonstrous,https://www.reddit.com/user/tacomonstrous,android,0,
409,Pokebra,https://www.reddit.com/user/Pokebra,android,0,
410,xeonrage,https://www.reddit.com/user/xeonrage,android,0,
411,SirPanics,https://www.reddit.com/user/SirPanics,android,0,
412,broomlad,https://www.reddit.com/user/broomlad,android,0,
413,fvtown714x,https://www.reddit.com/user/fvtown714x,android,0,
414,ElagabalusRex,https://www.reddit.com/user/ElagabalusRex,android,0,
415,grayum_ian,https://www.reddit.com/user/grayum_ian,android,0,
416,DudeThatsErin,https://www.reddit.com/user/DudeThatsErin,android,0,
417,SaysSimmon,https://www.reddit.com/user/SaysSimmon,android,0,
418,sulidos,https://www.reddit.com/user/sulidos,android,0,https://www.reddit.com/r/Android/comments/7nf3hu/as_of_today_google_is_blocking_the_use_of_youtube/
419,JustPlayingHard,https://www.reddit.com/user/JustPlayingHard,android,0,
420,bogdoomy,https://www.reddit.com/user/bogdoomy,android,0,
421,Put_It_All_On_Blck,https://www.reddit.com/user/Put_It_All_On_Blck,android,0,
422,thecodingdude,https://www.reddit.com/user/thecodingdude,android,0,
423,your_mind_aches,https://www.reddit.com/user/your_mind_aches,android,0,
424,sasquatch_melee,https://www.reddit.com/user/sasquatch_melee,android,0,
425,unibrow4o9,https://www.reddit.com/user/unibrow4o9,android,0,
426,sidjones182,https://www.reddit.com/user/sidjones182,android,0,
427,NateY3K,https://www.reddit.com/user/NateY3K,android,0,
428,porter_robertson,https://www.reddit.com/user/porter_robertson,android,0,
429,danhakimi,https://www.reddit.com/user/danhakimi,android,0,
430,510Threaded,https://www.reddit.com/user/510Threaded,android,0,
431,Flash604,https://www.reddit.com/user/Flash604,android,0,
432,thecodingdude,https://www.reddit.com/user/thecodingdude,android,0,
433,TheCrowGrandfather,https://www.reddit.com/user/TheCrowGrandfather,android,0,
434,sensory,https://www.reddit.com/user/sensory,android,0,
435,AngryWizard,https://www.reddit.com/user/AngryWizard,android,0,
436,a_park_bench,https://www.reddit.com/user/a_park_bench,ios,1,
437,vouwrfract,https://www.reddit.com/user/vouwrfract,android,0,
438,azog1337,https://www.reddit.com/user/azog1337,android,0,
439,Nefarious-,https://www.reddit.com/user/Nefarious-,android,0,
440,jaykresge,https://www.reddit.com/user/jaykresge,android,0,
441,jbus,https://www.reddit.com/user/jbus,android,0,
442,RedBulik,https://www.reddit.com/user/RedBulik,android,0,
443,jasonwsc,https://www.reddit.com/user/jasonwsc,android,0,
444,TrumpGER,https://www.reddit.com/user/TrumpGER,android,0,
445,Sloshy42,https://www.reddit.com/user/Sloshy42,android,0,
446,gbgz,https://www.reddit.com/user/gbgz,android,0,
447,_xenof,https://www.reddit.com/user/_xenof,android,0,
448,Hybrider,https://www.reddit.com/user/Hybrider,android,0,
449,vpsj,https://www.reddit.com/user/vpsj,android,0,
450,bicyclemom,https://www.reddit.com/user/bicyclemom,android,0,
451,nachog2003,https://www.reddit.com/user/nachog2003,android,0,
452,BuckeyeBentley,https://www.reddit.com/user/BuckeyeBentley,android,0,
453,jbus,https://www.reddit.com/user/jbus,android,0,
454,jbus,https://www.reddit.com/user/jbus,android,0,
455,ShayFabulous,https://www.reddit.com/user/ShayFabulous,android,0,
456,LoudMusic,https://www.reddit.com/user/LoudMusic,android,0,
457,FresnoChunk,https://www.reddit.com/user/FresnoChunk,android,0,
458,Ph0X,https://www.reddit.com/user/Ph0X,android,0,
459,AlbSevKev,https://www.reddit.com/user/AlbSevKev,android,0,
460,SavageAlien,https://www.reddit.com/user/SavageAlien,android,0,
461,inactiveuse,https://www.reddit.com/user/inactiveuse,android,0,
462,AstheniaRocks,https://www.reddit.com/user/AstheniaRocks,android,0,
463,Goldfish1_,https://www.reddit.com/user/Goldfish1_,android,0,
464,pjr10th,https://www.reddit.com/user/pjr10th,android,0,
465,FresnoChunk,https://www.reddit.com/user/FresnoChunk,android,0,
466,Die-Nacht,https://www.reddit.com/user/Die-Nacht,android,0,
467,Schmich,https://www.reddit.com/user/Schmich,android,0,
468,Goldfish1_,https://www.reddit.com/user/Goldfish1_,android,0,
469,vrotographer,https://www.reddit.com/user/vrotographer,android,0,
470,dynamikone,https://www.reddit.com/user/dynamikone,android,0,
471,KeefCheef,https://www.reddit.com/user/KeefCheef,android,0,
472,Nixflyn,https://www.reddit.com/user/Nixflyn,android,0,
473,Doyle524,https://www.reddit.com/user/Doyle524,android,0,
474,Srtviper,https://www.reddit.com/user/Srtviper,android,0,
475,Underyx,https://www.reddit.com/user/Underyx,android,0,
476,asilenth,https://www.reddit.com/user/asilenth,android,0,
477,fappolice,https://www.reddit.com/user/fappolice,android,0,
478,CarbonCreed,https://www.reddit.com/user/CarbonCreed,android,0,
479,Nixflyn,https://www.reddit.com/user/Nixflyn,android,0,
480,Nixflyn,https://www.reddit.com/user/Nixflyn,android,0,
481,jdmgto,https://www.reddit.com/user/jdmgto,android,0,
482,razorsoup,https://www.reddit.com/user/razorsoup,android,0,
483,starkillerrx,https://www.reddit.com/user/starkillerrx,android,0,
484,Nixflyn,https://www.reddit.com/user/Nixflyn,android,0,
485,navjot94,https://www.reddit.com/user/navjot94,android,0,
486,helloIamJake,https://www.reddit.com/user/helloIamJake,android,0,
487,ThEgg,https://www.reddit.com/user/ThEgg,android,0,
488,b_fnk,https://www.reddit.com/user/b_fnk,android,0,
489,Ganrokh,https://www.reddit.com/user/Ganrokh,android,0,
490,raendrop,https://www.reddit.com/user/raendrop,android,0,
491,SMB73,https://www.reddit.com/user/SMB73,android,0,
492,bluaki,https://www.reddit.com/user/bluaki,android,0,
493,tootie,https://www.reddit.com/user/tootie,android,0,
494,Jisifus,https://www.reddit.com/user/Jisifus,android,0,
495,arhythm,https://www.reddit.com/user/arhythm,android,0,
496,Jisifus,https://www.reddit.com/user/Jisifus,android,0,
497,de_ddit,https://www.reddit.com/user/de_ddit,android,0,
500,DashAttack,https://www.reddit.com/user/DashAttack,android,0,
501,Fetal-sploosh,https://www.reddit.com/user/Fetal-sploosh,android,0,
502,alfonsojon,https://www.reddit.com/user/alfonsojon,android,0,
503,2EyedRaven,https://www.reddit.com/user/2EyedRaven,android,0,
504,mrstinkyfingers,https://www.reddit.com/user/mrstinkyfingers,android,0,
505,BTslo,https://www.reddit.com/user/BTslo,ios,1,
506,Frigidevil,https://www.reddit.com/user/Frigidevil,android,0,
507,qscwdzeax,https://www.reddit.com/user/qscwdzeax,android,0,
508,turkeypants,https://www.reddit.com/user/turkeypants,android,0,
509,metarugia,https://www.reddit.com/user/metarugia,android,0,
510,Omnibitent,https://www.reddit.com/user/Omnibitent,android,0,
511,VitalzWaO,https://www.reddit.com/user/VitalzWaO,android,0,
512,Timelord_42,https://www.reddit.com/user/Timelord_42,android,0,
513,tman2damax11,https://www.reddit.com/user/tman2damax11,ios,1,
514,unibrow4o9,https://www.reddit.com/user/unibrow4o9,android,0,
515,unibrow4o9,https://www.reddit.com/user/unibrow4o9,android,0,
516,Biobak_,https://www.reddit.com/user/Biobak_,android,0,
517,desto,https://www.reddit.com/user/desto,android,0,
518,Press_F5_Comrade,https://www.reddit.com/user/Press_F5_Comrade,android,0,
519,LOLingMAO,https://www.reddit.com/user/LOLingMAO,ios,1,
520,,,,,
521,,,,,
522,,,,,
523,,,,,
524,,,,,
525,,,,,
526,,,,,
527,,,,,
528,,,,,
529,,,,,
530,,,,,
531,,,,,
532,,,,,
533,,,,,
534,,,,,
535,,,,,
536,,,,,
537,,,,,
538,,,,,
539,,,,,